Workbook

Sheet raw
B1: Runs | C1: Median | D1: Mean | E1: 5th centile | F1: 95th centile
A2: _sw_1549__26 | B2: 10 | C2: 49260.8 | D2: 56123.12 | E2: 16332.04 | F2: 151220.68 | H2: =TEXT(D2,"0") & " (" & TEXT(E2,"0") & ", " & TEXT(F2,"0") & ")" -> 56123 (16332, 151221)
A3: prop_w_1549_sw_26 | B3: 10 | C3: 0.0112332 | D3: 0.0127464 | E3: 0.003808 | F3: 0.0333799 | H3: =TEXT(D3,"0.00") & " (" & TEXT(E3,"0.00") & ", " & TEXT(F3,"0.00") & ")" -> 0.01 (0.00, 0.03)
A4: prop_w_ever_sw_26 | B4: 10 | C4: 0.0205548 | D4: 0.0229363 | E4: 0.0153533 | F4: 0.0467623 | H4: =TEXT(D4,"0.00") & " (" & TEXT(E4,"0.00") & ", " & TEXT(F4,"0.00") & ")" -> 0.02 (0.02, 0.05)
A5: act_dur_sw_26 | B5: 10 | C5: 5.947768 | D5: 5.9785901 | E5: 2.9793388 | F5: 9.2519493 | H5: =TEXT(D5,"0.00") & " (" & TEXT(E5,"0.00") & ", " & TEXT(F5,"0.00") & ")" -> 5.98 (2.98, 9.25)
A6: p_sw_age1519__26 | B6: 10 | C6: 0.0640247 | D6: 0.0685709 | E6: 0.0379615 | F6: 0.1078638 | H6: =TEXT(D6,"0.00") & " (" & TEXT(E6,"0.00") & ", " & TEXT(F6,"0.00") & ")" -> 0.07 (0.04, 0.11)
A7: p_sw_age2024__26 | B7: 10 | C7: 0.1806319 | D7: 0.2001892 | E7: 0.1480826 | F7: 0.2935039 | H7: =TEXT(D7,"0.00") & " (" & TEXT(E7,"0.00") & ", " & TEXT(F7,"0.00") & ")" -> 0.20 (0.15, 0.29)
A8: p_sw_age2529__26 | B8: 10 | C8: 0.1946391 | D8: 0.1914457 | E8: 0.1515501 | F8: 0.2164987 | H8: =TEXT(D8,"0.00") & " (" & TEXT(E8,"0.00") & ", " & TEXT(F8,"0.00") & ")" -> 0.19 (0.15, 0.22)
A9: p_sw_age3039__26 | B9: 10 | C9: 0.2990084 | D9: 0.3063123 | E9: 0.2759725 | F9: 0.3510178 | H9: =TEXT(D9,"0.00") & " (" & TEXT(E9,"0.00") & ", " & TEXT(F9,"0.00") & ")" -> 0.31 (0.28, 0.35)
A10: p_sw_age40pl__26 | B10: 10 | C10: 0.2469358 | D10: 0.2334818 | E10: 0.1674181 | F10: 0.2830637 | H10: =TEXT(D10,"0.00") & " (" & TEXT(E10,"0.00") & ", " & TEXT(F10,"0.00") & ")" -> 0.23 (0.17, 0.28)
A11: p_age_deb_sw1519__26 | B11: 10 | C11: 0.3439185 | D11: 0.3393165 | E11: 0.1879349 | F11: 0.4193164 | H11: =TEXT(D11,"0.00") & " (" & TEXT(E11,"0.00") & ", " & TEXT(F11,"0.00") & ")" -> 0.34 (0.19, 0.42)
A12: p_age_deb_sw2029__26 | B12: 10 | C12: 0.4745639 | D12: 0.4723749 | E12: 0.4042135 | F12: 0.5439132 | H12: =TEXT(D12,"0.00") & " (" & TEXT(E12,"0.00") & ", " & TEXT(F12,"0.00") & ")" -> 0.47 (0.40, 0.54)
A13: p_age_deb_sw3039__26 | B13: 10 | C13: 0.12276 | D13: 0.1354836 | E13: 0.0911555 | F13: 0.1967418 | H13: =TEXT(D13,"0.00") & " (" & TEXT(E13,"0.00") & ", " & TEXT(F13,"0.00") & ")" -> 0.14 (0.09, 0.20)
A14: p_age_deb_sw40pl__26 | B14: 10 | C14: 0.0482963 | D14: 0.0528249 | E14: 0.0237153 | F14: 0.08547 | H14: =TEXT(D14,"0.00") & " (" & TEXT(E14,"0.00") & ", " & TEXT(F14,"0.00") & ")" -> 0.05 (0.02, 0.09)
... A27: p_sw_prog_vis_26 | B27: 10 | C27: 1.1342716 | D27: 1.2162275 | E27: 0.7536935 | F27: 1.7535273 | H27: =TEXT(D27,"0.00") & " (" & TEXT(E27,"0.00") & ", " & TEXT(F27,"0.00") & ")" -> 1.22 (0.75, 1.75)
A28: n_esw_1549__26 | B28: 10 | C28: 104640.72 | D28: 105662.63 | E28: 19725.7 | F28: 193586.73 | H28: =TEXT(D28,"0") & " (" & TEXT(E28,"0") & ", " & TEXT(F28,"0") & ")" -> 105663 (19726, 193587)
A29: prop_w_1549_esw_26 | B29: 10 | C29: 0.0238371 | D29: 0.0240236 | E29: 0.0046617 | F29: 0.0427344 | H29: =TEXT(D29,"0.00") & " (" & TEXT(E29,"0.00") & ", " & TEXT(F29,"0.00") & ")" -> 0.02 (0.00, 0.04)
A30: prop_w_ever_esw_26 | B30: 10 | C30: 0.0368517 | D30: 0.0352367 | E30: 0.0136026 | F30: 0.0510587 | H30: =TEXT(D30,"0.00") & " (" & TEXT(E30,"0.00") & ", " & TEXT(F30,"0.00") & ")" -> 0.04 (0.01, 0.05)
A31: act_dur_esw_26 | B31: 10 | C31: 6.9719537 | D31: 6.9165317 | E31: 3.132734 | F31: 9.9383529 | H31: =TEXT(D31,"0.00") & " (" & TEXT(E31,"0.00") & ", " & TEXT(F31,"0.00") & ")" -> 6.92 (3.13, 9.94)
A32: p_esw_age1519__26 | B32: 10 | C32: 0.0659823 | D32: 0.0661672 | E32: 0.0361713 | F32: 0.0966707 | H32: =TEXT(D32,"0.00") & " (" & TEXT(E32,"0.00") & ", " & TEXT(F32,"0.00") & ")" -> 0.07 (0.04, 0.10)
A33: p_esw_age2024__26 | B33: 10 | C33: 0.17298 | D33: 0.1780115 | E33: 0.1367885 | F33: 0.2340134 | H33: =TEXT(D33,"0.00") & " (" & TEXT(E33,"0.00") & ", " & TEXT(F33,"0.00") & ")" -> 0.18 (0.14, 0.23)
A34: p_esw_age2529__26 | B34: 10 | C34: 0.2021936 | D34: 0.2045437 | E34: 0.157072 | F34: 0.3247077 | H34: =TEXT(D34,"0.00") & " (" & TEXT(E34,"0.00") & ", " & TEXT(F34,"0.00") & ")" -> 0.20 (0.16, 0.32)
A35: p_esw_age3039__26 | B35: 10 | C35: 0.3229591 | D35: 0.3163677 | E35: 0.2375817 | F35: 0.3592025 | H35: =TEXT(D35,"0.00") & " (" & TEXT(E35,"0.00") & ", " & TEXT(F35,"0.00") & ")" -> 0.32 (0.24, 0.36)
A36: p_esw_age40pl__26 | B36: 10 | C36: 0.2360299 | D36: 0.2349099 | E36: 0.1283002 | F36: 0.2813188 | H36: =TEXT(D36,"0.00") & " (" & TEXT(E36,"0.00") & ", " & TEXT(F36,"0.00") & ")" -> 0.23 (0.13, 0.28)
A37: p_age_deb_esw1519__26 | B37: 10 | C37: 0.3612406 | D37: 0.3562577 | E37: 0.3104257 | F37: 0.4090197 | H37: =TEXT(D37,"0.00") & " (" & TEXT(E37,"0.00") & ", " & TEXT(F37,"0.00") & ")" -> 0.36 (0.31, 0.41)
A38: p_age_deb_esw2029__26 | B38: 10 | C38: 0.4723168 | D38: 0.4731833 | E38: 0.4133005 | F38: 0.5127398 | H38: =TEXT(D38,"0.00") & " (" & TEXT(E38,"0.00") & ", " & TEXT(F38,"0.00") & ")" -> 0.47 (0.41, 0.51)
A39: p_age_deb_esw3039__26 | B39: 10 | C39: 0.115565 | D39: 0.121982 | E39: 0.0897603 | F39: 0.1791632 | H39: =TEXT(D39,"0.00") & " (" & TEXT(E39,"0.00") & ", " & TEXT(F39,"0.00") & ")" -> 0.12 (0.09, 0.18)
A40: p_age_deb_esw40pl__26 | B40: 10 | C40: 0.0518782 | D40: 0.048577 | E40: 0.0310648 | F40: 0.0631163 | H40: =TEXT(D40,"0.00") & " (" & TEXT(E40,"0.00") & ", " & TEXT(F40,"0.00") & ")" -> 0.05 (0.03, 0.06)
... A53: p_esw_prog_vis_26 | B53: 10 | C53: 0.214136 | D53: 0.2114573 | E53: 0.1060873 | F53: 0.3074958 | H53: =TEXT(D53,"0.00") & " (" & TEXT(E53,"0.00") & ", " & TEXT(F53,"0.00") & ")" -> 0.21 (0.11, 0.31)
A55: '

Sheet clean
C1: sex workers | D1: women on edge of sex work
C2: Mean (90% range) | D2: Mean (90% range)
A3: _sw_1549__26 | B3: Number of all women who are currently SW/ESW | C3: =raw!H2 -> 56123 (16332, 151221) | D3: =raw!H28 -> 105663 (19726, 193587)
A4: prop_w_1549_sw_26 | B4: Proportion of all women who are currently SW/ ESW | C4: =raw!H3 -> 0.01 (0.00, 0.03) | D4: =raw!H29 -> 0.02 (0.00, 0.04)
A5: prop_w_ever_sw_26 | B5: Proportion of all women who have ever been SW/ESW | C5: =raw!H4 -> 0.02 (0.02, 0.05) | D5: =raw!H30 -> 0.04 (0.01, 0.05)
A6: act_dur_sw_26 | B6: Active duration of sex work | C6: =raw!H5 -> 5.98 (2.98, 9.25) | D6: =raw!H31 -> 6.92 (3.13, 9.94)
A7: p_sw_age1519__26 | B7: Proportion of SW/ESW aged 15-19 | C7: =raw!H6 -> 0.07 (0.04, 0.11) | D7: =raw!H32 -> 0.07 (0.04, 0.10)
A8: p_sw_age2024__26 | B8: Proportion of SW/ESW aged 20-24 | C8: =raw!H7 -> 0.20 (0.15, 0.29) | D8: =raw!H33 -> 0.18 (0.14, 0.23)
A9: p_sw_age2529__26 | B9: Proportion of SW/ESW aged 25-29 | C9: =raw!H8 -> 0.19 (0.15, 0.22) | D9: =raw!H34 -> 0.20 (0.16, 0.32)
A10: p_sw_age3039__26 | B10: Proportion of SW/ESW aged 30-39 | C10: =raw!H9 -> 0.31 (0.28, 0.35) | D10: =raw!H35 -> 0.32 (0.24, 0.36)
A11: p_sw_age40pl__26 | B11: Proportion of SW/ESW aged 40 plus | C11: =raw!H10 -> 0.23 (0.17, 0.28) | D11: =raw!H36 -> 0.23 (0.13, 0.28)
A12: p_age_deb_sw1519__26 | B12: Age debut of SW/ESW 15-19 | C12: =raw!H11 -> 0.34 (0.19, 0.42) | D12: =raw!H37 -> 0.36 (0.31, 0.41)
A13: p_age_deb_sw2029__26 | B13: Age debut of SW/ESW 20-29 | C13: =raw!H12 -> 0.47 (0.40, 0.54) | D13: =raw!H38 -> 0.47 (0.41, 0.51)
A14: p_age_deb_sw3039__26 | B14: Age debut of SW/ESW 30-39 | C14: =raw!H13 -> 0.14 (0.09, 0.20) | D14: =raw!H39 -> 0.12 (0.09, 0.18)
... A28: p_sw_prog_vis_26 | B28: Proportion with a SW program visit | C28: =raw!H27 -> 1.22 (0.75, 1.75) | D28: =raw!H53 -> 0.21 (0.11, 0.31)
